{
  "file_profiler\\connector_mcp_server.py": 1775154820.1885023,
  "file_profiler\\main.py": 1773983599.9982526,
  "file_profiler\\mcp_server.py": 1775152455.1914659,
  "file_profiler\\__init__.py": 1772108987.8764758,
  "file_profiler\\__main__.py": 1772109300.6336603,
  "file_profiler\\agent\\chatbot.py": 1775069299.4429295,
  "file_profiler\\agent\\cli.py": 1774723503.4225733,
  "file_profiler\\agent\\enrichment.py": 1775152448.2142625,
  "file_profiler\\agent\\enrichment_mapreduce.py": 1775152452.1998305,
  "file_profiler\\agent\\enrichment_progress.py": 1773998079.2157247,
  "file_profiler\\agent\\graph.py": 1775069202.809186,
  "file_profiler\\agent\\llm_factory.py": 1773825620.3821018,
  "file_profiler\\agent\\progress.py": 1773742496.0171356,
  "file_profiler\\agent\\session_manager.py": 1773912508.525995,
  "file_profiler\\agent\\state.py": 1772212793.6575394,
  "file_profiler\\agent\\vector_store.py": 1775152445.4548266,
  "file_profiler\\agent\\web_server.py": 1774725139.0279906,
  "file_profiler\\agent\\__init__.py": 1773034453.5667894,
  "file_profiler\\agent\\__main__.py": 1774723553.1279063,
  "file_profiler\\analysis\\relationship_detector.py": 1773914483.2717786,
  "file_profiler\\analysis\\__init__.py": 1772012493.3973415,
  "file_profiler\\classification\\classifier.py": 1773740624.8164587,
  "file_profiler\\classification\\__init__.py": 1771937223.3651764,
  "file_profiler\\config\\database.py": 1773912425.4627988,
  "file_profiler\\config\\env.py": 1775152474.7222767,
  "file_profiler\\config\\settings.py": 1773825156.6545405,
  "file_profiler\\config\\__init__.py": 1771937202.2257385,
  "file_profiler\\connectors\\base.py": 1774723166.6173928,
  "file_profiler\\connectors\\cloud_storage.py": 1773983214.3946307,
  "file_profiler\\connectors\\connection_manager.py": 1773987948.5209556,
  "file_profiler\\connectors\\database.py": 1775068468.9883335,
  "file_profiler\\connectors\\duckdb_remote.py": 1775068537.0143623,
  "file_profiler\\connectors\\registry.py": 1773983149.5470936,
  "file_profiler\\connectors\\uri_parser.py": 1773983147.946339,
  "file_profiler\\connectors\\__init__.py": 1773983077.8313184,
  "file_profiler\\connectors\\__main__.py": 1774723308.4752624,
  "file_profiler\\engines\\csv_engine.py": 1773824552.1026287,
  "file_profiler\\engines\\db_engine.py": 1773825648.8789945,
  "file_profiler\\engines\\duckdb_sampler.py": 1773825064.710969,
  "file_profiler\\engines\\excel_engine.py": 1772211182.3404777,
  "file_profiler\\engines\\json_engine.py": 1773824889.7321022,
  "file_profiler\\engines\\legacy_engine.py": 1771937269.6899095,
  "file_profiler\\engines\\parquet_engine.py": 1773824955.9065907,
  "file_profiler\\engines\\__init__.py": 1771937239.431971,
  "file_profiler\\intake\\column_profiler.py": 1772019536.087874,
  "file_profiler\\intake\\errors.py": 1771937856.2538457,
  "file_profiler\\intake\\validator.py": 1773740633.6855092,
  "file_profiler\\intake\\__init__.py": 1771937212.3874946,
  "file_profiler\\models\\enums.py": 1773983295.8085718,
  "file_profiler\\models\\file_profile.py": 1773992350.8385458,
  "file_profiler\\models\\relationships.py": 1772012468.568638,
  "file_profiler\\models\\__init__.py": 1771937192.3777254,
  "file_profiler\\output\\chart_generator.py": 1773993368.6175644,
  "file_profiler\\output\\er_diagram_writer.py": 1773913159.042572,
  "file_profiler\\output\\profile_writer.py": 1772109038.1562436,
  "file_profiler\\output\\relationship_writer.py": 1772109042.0002687,
  "file_profiler\\output\\__init__.py": 1771937306.884588,
  "file_profiler\\profiling\\column_profiler.py": 1773992405.5040092,
  "file_profiler\\profiling\\type_inference.py": 1773825200.119752,
  "file_profiler\\profiling\\__init__.py": 1771937276.276925,
  "file_profiler\\quality\\structural_checker.py": 1772714646.3749897,
  "file_profiler\\quality\\__init__.py": 1771937295.9787638,
  "file_profiler\\standardization\\normalizer.py": 1772014178.8235123,
  "file_profiler\\standardization\\__init__.py": 1772014094.1200874,
  "file_profiler\\strategy\\size_strategy.py": 1772015896.1137497,
  "file_profiler\\strategy\\__init__.py": 1771937231.9441123,
  "file_profiler\\utils\\file_resolver.py": 1773983352.6680448,
  "file_profiler\\utils\\logging_setup.py": 1772108979.4777682,
  "file_profiler\\utils\\__init__.py": 1772108953.28626,
  "frontend\\app.js": 1774112265.5706024,
  "scripts\\load_wwi_to_postgres.py": 1774719971.7622736,
  "tests\\test_agent.py": 1773137928.6008914,
  "tests\\test_build_graph.py": 1773911471.4263341,
  "tests\\test_chatbot_e2e.py": 1773137928.6018941,
  "tests\\test_chatbot_progress_e2e.py": 1773137928.6018941,
  "tests\\test_classification.py": 1771937321.2770915,
  "tests\\test_column_profiler.py": 1771937335.7254474,
  "tests\\test_connectors.py": 1774632784.0611007,
  "tests\\test_csv_engine.py": 1773137928.6028914,
  "tests\\test_duckdb_sampler.py": 1772792969.8663733,
  "tests\\test_e2e_run.py": 1773137928.6028914,
  "tests\\test_enrichment_e2e.py": 1773652121.814539,
  "tests\\test_enrichment_mapreduce.py": 1773766436.0546627,
  "tests\\test_er_improvements.py": 1773913290.6725848,
  "tests\\test_excel_engine.py": 1772211410.2331512,
  "tests\\test_file_resolver.py": 1772109345.211635,
  "tests\\test_intake.py": 1771937316.6378427,
  "tests\\test_json_engine.py": 1772210858.4192016,
  "tests\\test_llm_factory.py": 1773137928.60389,
  "tests\\test_main.py": 1772000171.2022223,
  "tests\\test_mcp_connect.py": 1773911151.7149034,
  "tests\\test_mcp_server.py": 1772109366.115132,
  "tests\\test_output.py": 1772000125.5391858,
  "tests\\test_parquet_engine.py": 1772001276.7017348,
  "tests\\test_pg.py": 1773911438.802405,
  "tests\\test_progress.py": 1773137928.6048932,
  "tests\\test_quality_checker.py": 1772000094.1940107,
  "tests\\test_relationship_detector.py": 1772013004.2334402,
  "tests\\test_standardization.py": 1772014376.6528485,
  "tests\\test_ws.py": 1773911001.4615731,
  "tests\\__init__.py": 1771937314.5697975,
  "CURRENT_SYSTEM_DESIGN.md": 1774113457.3303576,
  "FILE_PROFILING_ARCHITECTURE.md": 1774726848.7922034,
  "info.txt": 1774724920.8469465,
  "MCP_ARCHITECTURE_DESIGN.md": 1774726755.1783583,
  "README.md": 1774726646.7494922,
  "requirements.txt": 1775152468.2454805,
  "data\\output\\enriched_er_diagram.md": 1775154450.0171916,
  "data\\neuleap_logo.jpg": 1773214890.5700655,
  "frontend\\neuleap_logo.jpg": 1773214925.2488594
}